-- --------------------------------------------------------
-- Host:                         127.0.0.1
-- Server version:               10.1.34-MariaDB - mariadb.org binary distribution
-- Server OS:                    Win32
-- HeidiSQL Version:             9.4.0.5125
-- --------------------------------------------------------

/*!40101 SET @OLD_CHARACTER_SET_CLIENT=@@CHARACTER_SET_CLIENT */;
/*!40101 SET NAMES utf8 */;
/*!50503 SET NAMES utf8mb4 */;
/*!40014 SET @OLD_FOREIGN_KEY_CHECKS=@@FOREIGN_KEY_CHECKS, FOREIGN_KEY_CHECKS=0 */;
/*!40101 SET @OLD_SQL_MODE=@@SQL_MODE, SQL_MODE='NO_AUTO_VALUE_ON_ZERO' */;

-- Dumping structure for table lavensia.d_additonal_booking
CREATE TABLE IF NOT EXISTS `d_additonal_booking` (
  `da_booking_id` int(11) NOT NULL,
  `da_detail` int(11) NOT NULL,
  `da_name` varchar(50) DEFAULT NULL,
  `da_price` double DEFAULT NULL,
  `da_additional_id` int(11) DEFAULT NULL,
  `created_at` timestamp NULL DEFAULT NULL,
  `updated_at` timestamp NULL DEFAULT NULL,
  `created_by` varchar(50) DEFAULT NULL,
  `updated_by` varchar(50) DEFAULT NULL,
  PRIMARY KEY (`da_booking_id`,`da_detail`),
  CONSTRAINT `FK_d_additonal_booking_d_booking` FOREIGN KEY (`da_booking_id`) REFERENCES `d_booking` (`db_id`) ON DELETE CASCADE ON UPDATE CASCADE
) ENGINE=InnoDB DEFAULT CHARSET=latin1;

-- Dumping data for table lavensia.d_additonal_booking: ~95 rows (approximately)
DELETE FROM `d_additonal_booking`;
/*!40000 ALTER TABLE `d_additonal_booking` DISABLE KEYS */;
INSERT INTO `d_additonal_booking` (`da_booking_id`, `da_detail`, `da_name`, `da_price`, `da_additional_id`, `created_at`, `updated_at`, `created_by`, `updated_by`) VALUES
	(2, 1, 'asdas', 1000000, 1, '2018-07-22 10:14:02', '2018-07-22 10:14:02', '1', '1'),
	(2, 2, 'dasd', 1000000, 1, '2018-07-22 10:14:02', '2018-07-22 10:14:02', '1', '1'),
	(2, 3, 'asdasdas', 1000000, 1, '2018-07-22 10:14:02', '2018-07-22 10:14:02', '1', '1'),
	(2, 4, 'dasd', 200000, 2, '2018-07-22 10:14:02', '2018-07-22 10:14:02', '1', '1'),
	(2, 5, 'asdas', 260000, 3, '2018-07-22 10:14:02', '2018-07-22 10:14:02', '1', '1'),
	(2, 6, 'dasd', 260000, 3, '2018-07-22 10:14:02', '2018-07-22 10:14:02', '1', '1'),
	(3, 1, 'asdd', 1000000, 1, '2018-07-22 10:17:35', '2018-07-22 10:17:35', '1', '1'),
	(3, 2, 'asd', 1000000, 1, '2018-07-22 10:17:35', '2018-07-22 10:17:35', '1', '1'),
	(3, 3, 'asdasd', 1000000, 1, '2018-07-22 10:17:35', '2018-07-22 10:17:35', '1', '1'),
	(3, 4, '123123', 1000000, 1, '2018-07-22 10:17:35', '2018-07-22 10:17:35', '1', '1'),
	(3, 5, '12wqdawdas', 1000000, 1, '2018-07-22 10:17:35', '2018-07-22 10:17:35', '1', '1'),
	(3, 6, '12312dsa', 1000000, 1, '2018-07-22 10:17:35', '2018-07-22 10:17:35', '1', '1'),
	(3, 7, 'asdas', 1000000, 1, '2018-07-22 10:17:35', '2018-07-22 10:17:35', '1', '1'),
	(3, 8, 'd12d1', 1000000, 1, '2018-07-22 10:17:35', '2018-07-22 10:17:35', '1', '1'),
	(3, 9, 'dsadas', 1000000, 1, '2018-07-22 10:17:35', '2018-07-22 10:17:35', '1', '1'),
	(3, 10, 'sadas', 1000000, 1, '2018-07-22 10:17:35', '2018-07-22 10:17:35', '1', '1'),
	(3, 11, 'dasda', 1000000, 1, '2018-07-22 10:17:35', '2018-07-22 10:17:35', '1', '1'),
	(3, 12, 'sad12', 1000000, 1, '2018-07-22 10:17:35', '2018-07-22 10:17:35', '1', '1'),
	(3, 13, 'asd', 1000000, 1, '2018-07-22 10:17:35', '2018-07-22 10:17:35', '1', '1'),
	(3, 14, 'cxvasd', 1000000, 1, '2018-07-22 10:17:35', '2018-07-22 10:17:35', '1', '1'),
	(3, 15, 'asdd', 200000, 2, '2018-07-22 10:17:35', '2018-07-22 10:17:35', '1', '1'),
	(3, 16, 'asd', 200000, 2, '2018-07-22 10:17:35', '2018-07-22 10:17:35', '1', '1'),
	(3, 17, 'asdasd', 200000, 2, '2018-07-22 10:17:35', '2018-07-22 10:17:35', '1', '1'),
	(3, 18, '123123', 200000, 2, '2018-07-22 10:17:35', '2018-07-22 10:17:35', '1', '1'),
	(3, 19, '12wqdawdas', 200000, 2, '2018-07-22 10:17:35', '2018-07-22 10:17:35', '1', '1'),
	(3, 20, '12312dsa', 200000, 2, '2018-07-22 10:17:35', '2018-07-22 10:17:35', '1', '1'),
	(3, 21, 'asdas', 200000, 2, '2018-07-22 10:17:35', '2018-07-22 10:17:35', '1', '1'),
	(3, 22, 'd12d1', 200000, 2, '2018-07-22 10:17:35', '2018-07-22 10:17:35', '1', '1'),
	(3, 23, 'dsadas', 200000, 2, '2018-07-22 10:17:35', '2018-07-22 10:17:35', '1', '1'),
	(3, 24, 'sadas', 200000, 2, '2018-07-22 10:17:35', '2018-07-22 10:17:35', '1', '1'),
	(3, 25, 'd12', 200000, 2, '2018-07-22 10:17:35', '2018-07-22 10:17:35', '1', '1'),
	(3, 26, 'dasda', 200000, 2, '2018-07-22 10:17:35', '2018-07-22 10:17:35', '1', '1'),
	(3, 27, 'sad12', 200000, 2, '2018-07-22 10:17:35', '2018-07-22 10:17:35', '1', '1'),
	(3, 28, 'asd', 200000, 2, '2018-07-22 10:17:35', '2018-07-22 10:17:35', '1', '1'),
	(3, 29, 'cxvasd', 200000, 2, '2018-07-22 10:17:35', '2018-07-22 10:17:35', '1', '1'),
	(3, 30, 'asdd', 260000, 3, '2018-07-22 10:17:35', '2018-07-22 10:17:35', '1', '1'),
	(3, 31, 'asd', 260000, 3, '2018-07-22 10:17:35', '2018-07-22 10:17:35', '1', '1'),
	(3, 32, 'asdasd', 260000, 3, '2018-07-22 10:17:35', '2018-07-22 10:17:35', '1', '1'),
	(3, 33, '123123', 260000, 3, '2018-07-22 10:17:35', '2018-07-22 10:17:35', '1', '1'),
	(3, 34, '12wqdawdas', 260000, 3, '2018-07-22 10:17:35', '2018-07-22 10:17:35', '1', '1'),
	(3, 35, '12312dsa', 260000, 3, '2018-07-22 10:17:35', '2018-07-22 10:17:35', '1', '1'),
	(3, 36, 'asdas', 260000, 3, '2018-07-22 10:17:35', '2018-07-22 10:17:35', '1', '1'),
	(3, 37, 'd12d1', 260000, 3, '2018-07-22 10:17:35', '2018-07-22 10:17:35', '1', '1'),
	(3, 38, 'dsadas', 260000, 3, '2018-07-22 10:17:35', '2018-07-22 10:17:35', '1', '1'),
	(3, 39, 'sadas', 260000, 3, '2018-07-22 10:17:35', '2018-07-22 10:17:35', '1', '1'),
	(3, 40, 'd12', 260000, 3, '2018-07-22 10:17:35', '2018-07-22 10:17:35', '1', '1'),
	(3, 41, 'dasda', 260000, 3, '2018-07-22 10:17:35', '2018-07-22 10:17:35', '1', '1'),
	(3, 42, 'sad12', 260000, 3, '2018-07-22 10:17:35', '2018-07-22 10:17:35', '1', '1'),
	(3, 43, 'asd', 260000, 3, '2018-07-22 10:17:35', '2018-07-22 10:17:35', '1', '1'),
	(3, 44, 'cxvasd', 260000, 3, '2018-07-22 10:17:35', '2018-07-22 10:17:35', '1', '1'),
	(4, 1, 'asd', 1000000, 1, '2018-07-22 10:20:25', '2018-07-22 10:20:25', '1', '1'),
	(4, 2, 'asd', 1000000, 1, '2018-07-22 10:20:25', '2018-07-22 10:20:25', '1', '1'),
	(4, 3, 'asdas', 1000000, 1, '2018-07-22 10:20:25', '2018-07-22 10:20:25', '1', '1'),
	(4, 4, 'sdfsd', 1000000, 1, '2018-07-22 10:20:25', '2018-07-22 10:20:25', '1', '1'),
	(4, 5, 'fasf', 1000000, 1, '2018-07-22 10:20:25', '2018-07-22 10:20:25', '1', '1'),
	(4, 6, 'asdfasdghsdf', 1000000, 1, '2018-07-22 10:20:25', '2018-07-22 10:20:25', '1', '1'),
	(4, 7, 'qwe', 1000000, 1, '2018-07-22 10:20:25', '2018-07-22 10:20:25', '1', '1'),
	(4, 8, '21eawcsdaf', 1000000, 1, '2018-07-22 10:20:25', '2018-07-22 10:20:25', '1', '1'),
	(4, 9, 'avcvcxv', 1000000, 1, '2018-07-22 10:20:25', '2018-07-22 10:20:25', '1', '1'),
	(4, 10, 'wedads', 1000000, 1, '2018-07-22 10:20:25', '2018-07-22 10:20:25', '1', '1'),
	(4, 11, 'fcxvdc', 1000000, 1, '2018-07-22 10:20:25', '2018-07-22 10:20:25', '1', '1'),
	(4, 12, 'sdf', 1000000, 1, '2018-07-22 10:20:25', '2018-07-22 10:20:25', '1', '1'),
	(4, 13, 'sadfas', 1000000, 1, '2018-07-22 10:20:25', '2018-07-22 10:20:25', '1', '1'),
	(4, 14, 'vsdfasfa', 1000000, 1, '2018-07-22 10:20:25', '2018-07-22 10:20:25', '1', '1'),
	(4, 15, '32fwfsedfsd', 1000000, 1, '2018-07-22 10:20:25', '2018-07-22 10:20:25', '1', '1'),
	(4, 16, 'asd', 200000, 2, '2018-07-22 10:20:25', '2018-07-22 10:20:25', '1', '1'),
	(4, 17, 'asd', 200000, 2, '2018-07-22 10:20:25', '2018-07-22 10:20:25', '1', '1'),
	(4, 18, 'asdas', 200000, 2, '2018-07-22 10:20:25', '2018-07-22 10:20:25', '1', '1'),
	(4, 19, 'sdfsd', 200000, 2, '2018-07-22 10:20:25', '2018-07-22 10:20:25', '1', '1'),
	(4, 20, 'fasf', 200000, 2, '2018-07-22 10:20:25', '2018-07-22 10:20:25', '1', '1'),
	(4, 21, 'asdfasdghsdf', 200000, 2, '2018-07-22 10:20:25', '2018-07-22 10:20:25', '1', '1'),
	(4, 22, 'qwe', 200000, 2, '2018-07-22 10:20:25', '2018-07-22 10:20:25', '1', '1'),
	(4, 23, '21eawcsdaf', 200000, 2, '2018-07-22 10:20:25', '2018-07-22 10:20:25', '1', '1'),
	(4, 24, 'avcvcxv', 200000, 2, '2018-07-22 10:20:25', '2018-07-22 10:20:25', '1', '1'),
	(4, 25, 'wedads', 200000, 2, '2018-07-22 10:20:25', '2018-07-22 10:20:25', '1', '1'),
	(4, 26, 'fcxvdc', 200000, 2, '2018-07-22 10:20:25', '2018-07-22 10:20:25', '1', '1'),
	(4, 27, 'sdf', 200000, 2, '2018-07-22 10:20:25', '2018-07-22 10:20:25', '1', '1'),
	(4, 28, 'sadfas', 200000, 2, '2018-07-22 10:20:25', '2018-07-22 10:20:25', '1', '1'),
	(4, 29, 'vsdfasfa', 200000, 2, '2018-07-22 10:20:25', '2018-07-22 10:20:25', '1', '1'),
	(4, 30, '32fwfsedfsd', 200000, 2, '2018-07-22 10:20:25', '2018-07-22 10:20:25', '1', '1'),
	(4, 31, 'asd', 260000, 3, '2018-07-22 10:20:25', '2018-07-22 10:20:25', '1', '1'),
	(4, 32, 'asd', 260000, 3, '2018-07-22 10:20:25', '2018-07-22 10:20:25', '1', '1'),
	(4, 33, 'asdas', 260000, 3, '2018-07-22 10:20:25', '2018-07-22 10:20:25', '1', '1'),
	(4, 34, 'sdfsd', 260000, 3, '2018-07-22 10:20:25', '2018-07-22 10:20:25', '1', '1'),
	(4, 35, 'fasf', 260000, 3, '2018-07-22 10:20:25', '2018-07-22 10:20:25', '1', '1'),
	(4, 36, 'asdfasdghsdf', 260000, 3, '2018-07-22 10:20:25', '2018-07-22 10:20:25', '1', '1'),
	(4, 37, 'qwe', 260000, 3, '2018-07-22 10:20:25', '2018-07-22 10:20:25', '1', '1'),
	(4, 38, '21eawcsdaf', 260000, 3, '2018-07-22 10:20:25', '2018-07-22 10:20:25', '1', '1'),
	(4, 39, 'avcvcxv', 260000, 3, '2018-07-22 10:20:25', '2018-07-22 10:20:25', '1', '1'),
	(4, 40, 'wedads', 260000, 3, '2018-07-22 10:20:25', '2018-07-22 10:20:25', '1', '1'),
	(4, 41, 'fcxvdc', 260000, 3, '2018-07-22 10:20:25', '2018-07-22 10:20:25', '1', '1'),
	(4, 42, 'sdf', 260000, 3, '2018-07-22 10:20:25', '2018-07-22 10:20:25', '1', '1'),
	(4, 43, 'sadfas', 260000, 3, '2018-07-22 10:20:25', '2018-07-22 10:20:25', '1', '1'),
	(4, 44, 'vsdfasfa', 260000, 3, '2018-07-22 10:20:25', '2018-07-22 10:20:25', '1', '1'),
	(4, 45, '32fwfsedfsd', 260000, 3, '2018-07-22 10:20:25', '2018-07-22 10:20:25', '1', '1');
/*!40000 ALTER TABLE `d_additonal_booking` ENABLE KEYS */;

-- Dumping structure for table lavensia.d_booking
CREATE TABLE IF NOT EXISTS `d_booking` (
  `db_id` int(11) NOT NULL,
  `db_users` int(11) DEFAULT NULL,
  `db_intinerary_id` int(11) DEFAULT NULL,
  `db_detail_intinerary_id` int(11) DEFAULT NULL,
  `db_name` varchar(50) DEFAULT NULL,
  `db_pax` int(11) DEFAULT NULL,
  `db_remark` mediumtext,
  `db_total_additional` double DEFAULT NULL,
  `db_total_room` double DEFAULT NULL,
  `created_at` timestamp NULL DEFAULT NULL,
  `updated_at` timestamp NULL DEFAULT NULL,
  `created_by` int(11) DEFAULT NULL,
  `updated_by` int(11) DEFAULT NULL,
  PRIMARY KEY (`db_id`)
) ENGINE=InnoDB DEFAULT CHARSET=latin1;

-- Dumping data for table lavensia.d_booking: ~4 rows (approximately)
DELETE FROM `d_booking`;
/*!40000 ALTER TABLE `d_booking` DISABLE KEYS */;
INSERT INTO `d_booking` (`db_id`, `db_users`, `db_intinerary_id`, `db_detail_intinerary_id`, `db_name`, `db_pax`, `db_remark`, `db_total_additional`, `db_total_room`, `created_at`, `updated_at`, `created_by`, `updated_by`) VALUES
	(1, 1, 8, 1, 'asd', 3, 'asdasdasdsa', 0, 21000000, '2018-07-22 10:13:20', '2018-07-22 10:13:20', 1, 1),
	(2, 1, 8, 1, 'asdasdas', 3, 'asdsa', 3720000, 21000000, '2018-07-22 10:14:01', '2018-07-22 10:14:01', 1, 1),
	(3, 1, 8, 1, 'asd', 15, 'asdas', 20900000, 105000000, '2018-07-22 10:17:35', '2018-07-22 10:17:35', 1, 1),
	(4, 1, 8, 1, 'asda', 15, 'asdf', 21900000, 104000000, '2018-07-22 10:20:25', '2018-07-22 10:20:25', 1, 1);
/*!40000 ALTER TABLE `d_booking` ENABLE KEYS */;

-- Dumping structure for table lavensia.d_party_name
CREATE TABLE IF NOT EXISTS `d_party_name` (
  `dp_booking_id` int(11) NOT NULL,
  `dp_detail` int(11) NOT NULL,
  `dp_fam_name` varchar(50) DEFAULT NULL,
  `dp_name` varchar(50) DEFAULT NULL,
  `dp_price` double NOT NULL,
  `dp_bed` varchar(50) DEFAULT NULL,
  `dp_image` varchar(50) DEFAULT NULL,
  `created_at` timestamp NULL DEFAULT NULL,
  `updated_at` timestamp NULL DEFAULT NULL,
  `created_by` int(11) DEFAULT NULL,
  `updated_by` int(11) DEFAULT NULL,
  PRIMARY KEY (`dp_booking_id`,`dp_detail`),
  CONSTRAINT `FK_d_party_name_d_booking` FOREIGN KEY (`dp_booking_id`) REFERENCES `d_booking` (`db_id`) ON DELETE CASCADE ON UPDATE CASCADE
) ENGINE=InnoDB DEFAULT CHARSET=latin1;

-- Dumping data for table lavensia.d_party_name: ~36 rows (approximately)
DELETE FROM `d_party_name`;
/*!40000 ALTER TABLE `d_party_name` DISABLE KEYS */;
INSERT INTO `d_party_name` (`dp_booking_id`, `dp_detail`, `dp_fam_name`, `dp_name`, `dp_price`, `dp_bed`, `dp_image`, `created_at`, `updated_at`, `created_by`, `updated_by`) VALUES
	(1, 1, 'asd', 'asda', 7000000, 'Triple', 'booking/asd_asda_1_1.jpg', '2018-07-22 10:13:20', '2018-07-22 10:13:20', 1, 1),
	(1, 2, 'asd', 'sdasdasdas', 7000000, 'Triple', 'booking/asd_sdasdasdas_1_2.jpg', '2018-07-22 10:13:20', '2018-07-22 10:13:20', 1, 1),
	(1, 3, 'asd', 'asdas', 7000000, 'Triple', 'booking/asd_asdas_1_3.jpg', '2018-07-22 10:13:20', '2018-07-22 10:13:20', 1, 1),
	(2, 1, 'asdas', 'asdas', 7000000, 'Triple', 'booking/asdas_asdas_2_1.jpg', '2018-07-22 10:14:01', '2018-07-22 10:14:01', 1, 1),
	(2, 2, 'asdas', 'dasd', 7000000, 'Triple', 'booking/asdas_dasd_2_2.jpg', '2018-07-22 10:14:01', '2018-07-22 10:14:01', 1, 1),
	(2, 3, 'asdas', 'asdasdas', 7000000, 'Triple', 'booking/asdas_asdasdas_2_3.jpg', '2018-07-22 10:14:01', '2018-07-22 10:14:01', 1, 1),
	(3, 1, 'sadas', 'asdd', 7000000, 'Triple', 'booking/sadas_asdd_3_1.jpg', '2018-07-22 10:17:35', '2018-07-22 10:17:35', 1, 1),
	(3, 2, 'sadas', 'asd', 7000000, 'Triple', 'booking/sadas_asd_3_2.jpg', '2018-07-22 10:17:35', '2018-07-22 10:17:35', 1, 1),
	(3, 3, 'sadas', 'asdasd', 7000000, 'Triple', 'booking/sadas_asdasd_3_3.jpg', '2018-07-22 10:17:35', '2018-07-22 10:17:35', 1, 1),
	(3, 4, 'asdasda', '123123', 7000000, 'Triple', 'booking/asdasda_123123_3_4.jpg', '2018-07-22 10:17:35', '2018-07-22 10:17:35', 1, 1),
	(3, 5, 'asdasda', '12wqdawdas', 7000000, 'Triple', 'booking/asdasda_12wqdawdas_3_5.jpg', '2018-07-22 10:17:35', '2018-07-22 10:17:35', 1, 1),
	(3, 6, 'asdasda', '12312dsa', 7000000, 'Triple', 'booking/asdasda_12312dsa_3_6.jpg', '2018-07-22 10:17:35', '2018-07-22 10:17:35', 1, 1),
	(3, 7, 'asdasdas', 'asdas', 7000000, 'Triple', 'booking/asdasdas_asdas_3_7.jpg', '2018-07-22 10:17:35', '2018-07-22 10:17:35', 1, 1),
	(3, 8, 'asdasdas', 'd12d1', 7000000, 'Triple', 'booking/asdasdas_d12d1_3_8.jpg', '2018-07-22 10:17:35', '2018-07-22 10:17:35', 1, 1),
	(3, 9, 'asdasdas', 'dsadas', 7000000, 'Triple', 'booking/asdasdas_dsadas_3_9.jpg', '2018-07-22 10:17:35', '2018-07-22 10:17:35', 1, 1),
	(3, 10, 'asdad12', 'sadas', 7000000, 'Triple', 'booking/asdad12_sadas_3_10.jpg', '2018-07-22 10:17:35', '2018-07-22 10:17:35', 1, 1),
	(3, 11, 'asdad12', 'd12', 7000000, 'Triple', 'booking/asdad12_d12_3_11.jpg', '2018-07-22 10:17:35', '2018-07-22 10:17:35', 1, 1),
	(3, 12, 'asdad12', 'dasda', 7000000, 'Triple', 'booking/asdad12_dasda_3_12.jpg', '2018-07-22 10:17:35', '2018-07-22 10:17:35', 1, 1),
	(3, 13, 'dssada', 'sad12', 7000000, 'Triple', 'booking/dssada_sad12_3_13.jpg', '2018-07-22 10:17:35', '2018-07-22 10:17:35', 1, 1),
	(3, 14, 'dssada', 'asd', 7000000, 'Triple', 'booking/dssada_asd_3_14.jpg', '2018-07-22 10:17:35', '2018-07-22 10:17:35', 1, 1),
	(3, 15, 'dssada', 'cxvasd', 7000000, 'Triple', 'booking/dssada_cxvasd_3_15.jpg', '2018-07-22 10:17:35', '2018-07-22 10:17:35', 1, 1),
	(4, 1, 'asdas', 'asd', 7000000, 'Triple', 'booking/asdas_asd_4_1.jpg', '2018-07-22 10:20:25', '2018-07-22 10:20:25', 1, 1),
	(4, 2, 'asdas', 'asd', 7000000, 'Triple', 'booking/asdas_asd_4_2.jpg', '2018-07-22 10:20:25', '2018-07-22 10:20:25', 1, 1),
	(4, 3, 'asdas', 'asdas', 7000000, 'Triple', 'booking/asdas_asdas_4_3.jpg', '2018-07-22 10:20:25', '2018-07-22 10:20:25', 1, 1),
	(4, 4, 'asdasssffd', 'sdfsd', 7000000, 'Triple', 'booking/asdasssffd_sdfsd_4_4.jpg', '2018-07-22 10:20:25', '2018-07-22 10:20:25', 1, 1),
	(4, 5, 'asdasssffd', 'fasf', 7000000, 'Triple', 'booking/asdasssffd_fasf_4_5.jpg', '2018-07-22 10:20:25', '2018-07-22 10:20:25', 1, 1),
	(4, 6, 'asdasssffd', 'asdfasdghsdf', 7000000, 'Triple', 'booking/asdasssffd_asdfasdghsdf_4_6.jpg', '2018-07-22 10:20:25', '2018-07-22 10:20:25', 1, 1),
	(4, 7, 'fsdvdfv', 'qwe', 7000000, 'Triple', 'booking/fsdvdfv_qwe_4_7.jpg', '2018-07-22 10:20:25', '2018-07-22 10:20:25', 1, 1),
	(4, 8, 'fsdvdfv', '21eawcsdaf', 7000000, 'Triple', 'booking/fsdvdfv_21eawcsdaf_4_8.jpg', '2018-07-22 10:20:25', '2018-07-22 10:20:25', 1, 1),
	(4, 9, 'fsdvdfv', 'avcvcxv', 7000000, 'Triple', 'booking/fsdvdfv_avcvcxv_4_9.jpg', '2018-07-22 10:20:25', '2018-07-22 10:20:25', 1, 1),
	(4, 10, 'asdcsadva', 'wedads', 7000000, 'Triple', 'booking/asdcsadva_wedads_4_10.jpg', '2018-07-22 10:20:25', '2018-07-22 10:20:25', 1, 1),
	(4, 11, 'asdcsadva', 'fcxvdc', 7000000, 'Triple', 'booking/asdcsadva_fcxvdc_4_11.jpg', '2018-07-22 10:20:25', '2018-07-22 10:20:25', 1, 1),
	(4, 12, 'asdcsadva', 'sdf', 7000000, 'Triple', 'booking/asdcsadva_sdf_4_12.jpg', '2018-07-22 10:20:25', '2018-07-22 10:20:25', 1, 1),
	(4, 13, 'fdsvcadfvd', 'sadfas', 7000000, 'Double/Twin + CwB', 'booking/fdsvcadfvd_sadfas_4_13.jpg', '2018-07-22 10:20:25', '2018-07-22 10:20:25', 1, 1),
	(4, 14, 'fdsvcadfvd', 'vsdfasfa', 7000000, 'Double/Twin + CwB', 'booking/fdsvcadfvd_vsdfasfa_4_14.jpg', '2018-07-22 10:20:25', '2018-07-22 10:20:25', 1, 1),
	(4, 15, 'fdsvcadfvd', '32fwfsedfsd', 6000000, 'Double/Twin + CwB', 'booking/fdsvcadfvd_32fwfsedfsd_4_15.jpg', '2018-07-22 10:20:25', '2018-07-22 10:20:25', 1, 1);
/*!40000 ALTER TABLE `d_party_name` ENABLE KEYS */;

/*!40101 SET SQL_MODE=IFNULL(@OLD_SQL_MODE, '') */;
/*!40014 SET FOREIGN_KEY_CHECKS=IF(@OLD_FOREIGN_KEY_CHECKS IS NULL, 1, @OLD_FOREIGN_KEY_CHECKS) */;
/*!40101 SET CHARACTER_SET_CLIENT=@OLD_CHARACTER_SET_CLIENT */;
